{
  "hosting": [
    {
      "target": "toppers",
      "public": "build",
      "ignore": ["firebase.json", "**/.*", "**/node_modules/**"],
      "rewrites": [
        {
          "source": "**",
          "destination": "/index.html"
        }
      ]
    },
    {
      "target": "kyc",
      "public": "build",
      "ignore": ["firebase.json", "**/.*", "**/node_modules/**"],
      "rewrites": [
        {
          "source": "**",
          "destination": "/index.html"
        }
      ]
    }
  ]
}
